{
    "lr": 1.6468898596582593e-05,
    "gamma": 0.7574708977182212,
    "target_update": 10,
    "decay_steps": 1150
}