{"lr": 0.0029192489349260877, "gamma": 0.7574708977182212, "target_update": 3, "decay_steps": 8248}