{"lr": 1.7508990837807958e-06, "gamma": 0.9073560032685217, "target_update": 8, "decay_steps": 12369}